--
-- PostgreSQL database dump
--

-- Dumped from database version 13.4
-- Dumped by pg_dump version 13.4

SET statement_timeout = 0;
SET lock_timeout = 0;
SET idle_in_transaction_session_timeout = 0;
SET client_encoding = 'UTF8';
SET standard_conforming_strings = on;
SELECT pg_catalog.set_config('search_path', '', false);
SET check_function_bodies = false;
SET xmloption = content;
SET client_min_messages = warning;
SET row_security = off;

--
-- Name: db; Type: SCHEMA; Schema: -; Owner: -
--

CREATE SCHEMA db;


--
-- Name: cal_cpi(); Type: FUNCTION; Schema: db; Owner: -
--

CREATE FUNCTION db.cal_cpi() RETURNS trigger
    LANGUAGE plpgsql
    AS $$
begin
if(TG_OP = 'UPDATE' AND NEW.score =
OLD.score) then
return NEW;
end if;
create temp table if not exists temp_table as
select score ,(score/10) as cpi
from db.result;
update db.result
set cal_cpi = temp_table.cpi
from temp_table
where temp_table.score = result.score;
drop table temp_table;
return NEW;
end; $$;


SET default_tablespace = '';

SET default_table_access_method = heap;

--
-- Name: admin; Type: TABLE; Schema: db; Owner: -
--

CREATE TABLE db.admin (
    admin_id bigint NOT NULL,
    admin_name character varying(30)
);


--
-- Name: course; Type: TABLE; Schema: db; Owner: -
--

CREATE TABLE db.course (
    course_no bigint NOT NULL,
    course_name character varying(30),
    course_id bigint,
    student_id bigint,
    teacher_id bigint
);


--
-- Name: course_type; Type: TABLE; Schema: db; Owner: -
--

CREATE TABLE db.course_type (
    course_id bigint NOT NULL,
    course_name character varying(30)
);


--
-- Name: feedback; Type: TABLE; Schema: db; Owner: -
--

CREATE TABLE db.feedback (
    feedback_no bigint NOT NULL,
    test_id bigint,
    student_id bigint,
    feedback_date date
);


--
-- Name: result; Type: TABLE; Schema: db; Owner: -
--

CREATE TABLE db.result (
    result_no bigint NOT NULL,
    test_id bigint,
    course_id bigint,
    student_id bigint,
    score integer,
    result_date date,
    cal_cpi bigint
);


--
-- Name: student; Type: TABLE; Schema: db; Owner: -
--

CREATE TABLE db.student (
    student_id bigint NOT NULL,
    student_name character varying(30)
);


--
-- Name: teacher; Type: TABLE; Schema: db; Owner: -
--

CREATE TABLE db.teacher (
    teacher_id bigint NOT NULL,
    teacher_name character varying(30)
);


--
-- Name: test; Type: TABLE; Schema: db; Owner: -
--

CREATE TABLE db.test (
    test_id bigint NOT NULL,
    test_name character varying(30),
    student_id bigint,
    teacher_id bigint,
    test_date date
);


--
-- Data for Name: admin; Type: TABLE DATA; Schema: db; Owner: -
--

COPY db.admin (admin_id, admin_name) FROM stdin;
1	Lucia
2	Jeniece
3	Caralie
4	Panchito
5	Celle
\.


--
-- Data for Name: course; Type: TABLE DATA; Schema: db; Owner: -
--

COPY db.course (course_no, course_name, course_id, student_id, teacher_id) FROM stdin;
1	IT	24	201901001	101
2	IT	24	201901002	101
3	IT	24	201901003	101
4	IT	24	201901004	101
5	IT	24	201901005	101
6	IT	24	201901006	101
7	IT	24	201901007	101
8	IT	24	201901008	101
9	IT	24	201901009	101
10	IT	24	201901010	101
11	IT	24	201901011	101
12	IT	24	201901012	101
13	IT	24	201901013	101
14	IT	24	201901014	101
15	IT	24	201901015	101
16	IT	24	201901016	101
17	IT	24	201901017	101
18	IT	24	201901018	101
19	IT	24	201901019	101
20	IT	24	201901020	101
21	IT	24	201901021	101
22	IT	24	201901022	101
23	IT	24	201901023	101
24	IT	24	201901024	101
25	IT	24	201901025	101
26	IT	24	201901026	101
27	IT	24	201901027	101
28	IT	24	201901028	101
29	IT	24	201901029	102
30	IT	24	201901030	102
31	IT	24	201901031	102
32	IT	24	201901032	102
33	IT	24	201901033	102
34	IT	24	201901034	102
35	IT	24	201901035	102
36	IT	24	201901036	102
37	IT	24	201901037	102
38	IT	24	201901038	102
39	IT	24	201901039	102
40	IT	24	201901040	102
41	IT	24	201901041	102
42	IT	24	201901042	102
43	IT	24	201901043	102
44	IT	24	201901044	102
45	IT	24	201901045	102
46	IT	24	201901046	102
47	IT	24	201901047	102
48	IT	24	201901048	102
49	IT	24	201901049	103
50	IT	24	201901050	103
51	IT	24	201901051	103
52	IT	24	201901052	103
53	IT	24	201901053	103
54	IT	24	201901054	103
55	IT	24	201901055	103
56	IT	24	201901056	103
57	IT	24	201901057	103
58	IT	24	201901058	103
59	IT	24	201901059	103
60	IT	24	201901060	103
61	IT	24	201901061	103
62	IT	24	201901062	103
63	IT	24	201901063	103
64	IT	24	201901064	103
65	IT	24	201901065	103
66	IT	24	201901066	103
67	IT	24	201901067	103
68	IT	24	201901068	103
69	IT	24	201901069	103
70	IT	24	201901070	103
71	IT	24	201901071	103
72	IT	24	201901072	103
73	IT	24	201901073	103
74	IT	24	201901074	103
75	IT	24	201901075	103
76	IT	24	201901076	103
77	IT	24	201901077	103
78	IT	24	201901078	103
79	IT	24	201901079	103
80	IT	24	201901080	103
81	IT	24	201901081	103
82	IT	24	201901082	103
83	IT	24	201901083	103
84	IT	24	201901084	104
85	IT	24	201901085	104
86	IT	24	201901086	104
87	IT	24	201901087	104
88	IT	24	201901088	104
89	IT	24	201901089	104
90	IT	24	201901090	104
91	IT	24	201901091	104
92	IT	24	201901092	104
93	IT	24	201901093	104
94	IT	24	201901094	104
95	IT	24	201901095	104
96	IT	24	201901096	104
97	IT	24	201901097	104
98	IT	24	201901098	104
99	IT	24	201901099	104
100	IT	24	201901100	104
101	CT	22	201901001	105
102	CT	22	201901002	105
103	CT	22	201901003	105
104	CT	22	201901004	105
105	CT	22	201901005	105
106	CT	22	201901006	105
107	CT	22	201901007	105
108	CT	22	201901008	105
109	CT	22	201901009	105
110	CT	22	201901010	105
111	CT	22	201901011	105
112	CT	22	201901012	105
113	CT	22	201901013	105
114	CT	22	201901014	105
115	CT	22	201901015	105
116	CT	22	201901016	105
117	CT	22	201901017	105
118	CT	22	201901018	105
119	CT	22	201901019	105
120	CT	22	201901020	105
121	CT	22	201901021	105
122	CT	22	201901022	105
123	CT	22	201901023	105
124	CT	22	201901024	105
125	CT	22	201901025	105
126	CT	22	201901026	105
127	CT	22	201901027	106
128	CT	22	201901028	106
129	CT	22	201901029	106
130	CT	22	201901030	106
131	CT	22	201901031	106
132	CT	22	201901032	106
133	CT	22	201901033	106
134	CT	22	201901034	106
135	CT	22	201901035	106
136	CT	22	201901036	106
137	CT	22	201901037	106
138	CT	22	201901038	106
139	CT	22	201901039	106
140	CT	22	201901040	106
141	CT	22	201901041	106
142	CT	22	201901042	106
143	CT	22	201901043	106
144	CT	22	201901044	106
145	CT	22	201901045	106
146	CT	22	201901046	106
147	CT	22	201901047	106
148	CT	22	201901048	106
149	CT	22	201901049	106
150	CT	22	201901050	106
151	CT	22	201901051	106
152	CT	22	201901052	106
153	CT	22	201901053	107
154	CT	22	201901054	107
155	CT	22	201901055	107
156	CT	22	201901056	107
157	CT	22	201901057	107
158	CT	22	201901058	107
159	CT	22	201901059	107
160	CT	22	201901060	107
161	CT	22	201901061	107
162	CT	22	201901062	107
163	CT	22	201901063	107
164	CT	22	201901064	107
165	CT	22	201901065	107
166	CT	22	201901066	107
167	CT	22	201901067	107
168	CT	22	201901068	107
169	CT	22	201901069	107
170	CT	22	201901070	107
171	CT	22	201901071	107
172	CT	22	201901072	107
173	CT	22	201901073	107
174	CT	22	201901074	107
175	CT	22	201901075	107
176	CT	22	201901076	107
177	CT	22	201901077	107
178	CT	22	201901078	107
179	CT	22	201901079	107
180	CT	22	201901080	107
181	CT	22	201901081	107
182	CT	22	201901082	107
183	CT	22	201901083	107
184	CT	22	201901084	107
185	CT	22	201901085	107
186	CT	22	201901086	107
187	CT	22	201901087	108
188	CT	22	201901088	108
189	CT	22	201901089	108
190	CT	22	201901090	108
191	CT	22	201901091	108
192	CT	22	201901092	108
193	CT	22	201901093	108
194	CT	22	201901094	108
195	CT	22	201901095	108
196	CT	22	201901096	108
197	CT	22	201901097	108
198	CT	22	201901098	108
199	CT	22	201901099	108
200	CT	22	201901100	108
201	HM	25	201901001	109
202	HM	25	201901002	109
203	HM	25	201901003	109
204	HM	25	201901004	109
205	HM	25	201901005	109
206	HM	25	201901006	109
207	HM	25	201901007	109
208	HM	25	201901008	109
209	HM	25	201901009	109
210	HM	25	201901010	109
211	HM	25	201901011	109
212	HM	25	201901012	109
213	HM	25	201901013	109
214	HM	25	201901014	109
215	HM	25	201901015	109
216	HM	25	201901016	109
217	HM	25	201901017	109
218	HM	25	201901018	109
219	HM	25	201901019	109
220	HM	25	201901020	109
221	HM	25	201901021	109
222	HM	25	201901022	109
223	HM	25	201901023	109
224	HM	25	201901024	109
225	HM	25	201901025	109
226	HM	25	201901026	109
227	HM	25	201901027	109
228	HM	25	201901028	109
229	HM	25	201901029	110
230	HM	25	201901030	110
231	HM	25	201901031	110
232	HM	25	201901032	110
233	HM	25	201901033	110
234	HM	25	201901034	110
235	HM	25	201901035	110
236	HM	25	201901036	110
237	HM	25	201901037	110
238	HM	25	201901038	110
239	HM	25	201901039	110
240	HM	25	201901040	110
241	HM	25	201901041	110
242	HM	25	201901042	110
243	HM	25	201901043	110
244	HM	25	201901044	110
245	HM	25	201901045	110
246	HM	25	201901046	110
247	HM	25	201901047	110
248	HM	25	201901048	110
249	HM	25	201901049	110
250	HM	25	201901050	110
251	HM	25	201901051	110
252	HM	25	201901052	110
253	HM	25	201901053	110
254	HM	25	201901054	110
255	HM	25	201901055	110
256	HM	25	201901056	111
257	HM	25	201901057	111
258	HM	25	201901058	111
259	HM	25	201901059	111
260	HM	25	201901060	111
261	HM	25	201901061	111
262	HM	25	201901062	111
263	HM	25	201901063	111
264	HM	25	201901064	111
265	HM	25	201901065	111
266	HM	25	201901066	111
267	HM	25	201901067	111
268	HM	25	201901068	111
269	HM	25	201901069	111
270	HM	25	201901070	111
271	HM	25	201901071	112
272	HM	25	201901072	112
273	HM	25	201901073	112
274	HM	25	201901074	112
275	HM	25	201901075	112
276	HM	25	201901076	112
277	HM	25	201901077	112
278	HM	25	201901078	112
279	HM	25	201901079	112
280	HM	25	201901080	112
281	HM	25	201901081	112
282	HM	25	201901082	112
283	HM	25	201901083	112
284	HM	25	201901084	112
285	HM	25	201901085	112
286	HM	25	201901086	112
287	HM	25	201901087	112
288	HM	25	201901088	112
289	HM	25	201901089	112
290	HM	25	201901090	112
291	HM	25	201901091	112
292	HM	25	201901092	112
293	HM	25	201901093	112
294	HM	25	201901094	112
295	HM	25	201901095	112
296	HM	25	201901096	112
297	HM	25	201901097	112
298	HM	25	201901098	112
299	HM	25	201901099	112
300	HM	25	201901100	112
301	EL	23	201901001	113
302	EL	23	201901002	113
303	EL	23	201901003	113
304	EL	23	201901004	113
305	EL	23	201901005	113
306	EL	23	201901006	113
307	EL	23	201901007	113
308	EL	23	201901008	113
309	EL	23	201901009	113
310	EL	23	201901010	113
311	EL	23	201901011	113
312	EL	23	201901012	113
313	EL	23	201901013	113
314	EL	23	201901014	113
315	EL	23	201901015	113
316	EL	23	201901016	113
317	EL	23	201901017	113
318	EL	23	201901018	113
319	EL	23	201901019	113
320	EL	23	201901020	113
321	EL	23	201901021	113
322	EL	23	201901022	113
323	EL	23	201901023	113
324	EL	23	201901024	113
325	EL	23	201901025	113
326	EL	23	201901026	113
327	EL	23	201901027	114
328	EL	23	201901028	114
329	EL	23	201901029	114
330	EL	23	201901030	114
331	EL	23	201901031	114
332	EL	23	201901032	114
333	EL	23	201901033	114
334	EL	23	201901034	114
335	EL	23	201901035	114
336	EL	23	201901036	114
337	EL	23	201901037	114
338	EL	23	201901038	114
339	EL	23	201901039	114
340	EL	23	201901040	114
341	EL	23	201901041	114
342	EL	23	201901042	114
343	EL	23	201901043	114
344	EL	23	201901044	114
345	EL	23	201901045	114
346	EL	23	201901046	114
347	EL	23	201901047	114
348	EL	23	201901048	114
349	EL	23	201901049	114
350	EL	23	201901050	114
351	EL	23	201901051	114
352	EL	23	201901052	114
353	EL	23	201901053	114
354	EL	23	201901054	115
355	EL	23	201901055	115
356	EL	23	201901056	115
357	EL	23	201901057	115
358	EL	23	201901058	115
359	EL	23	201901059	115
360	EL	23	201901060	115
361	EL	23	201901061	115
362	EL	23	201901062	115
363	EL	23	201901063	115
364	EL	23	201901064	115
365	EL	23	201901065	115
366	EL	23	201901066	115
367	EL	23	201901067	115
368	EL	23	201901068	115
369	EL	23	201901069	115
370	EL	23	201901070	115
371	EL	23	201901071	115
372	EL	23	201901072	115
373	EL	23	201901073	115
374	EL	23	201901074	115
375	EL	23	201901075	115
376	EL	23	201901076	116
377	EL	23	201901077	116
378	EL	23	201901078	116
379	EL	23	201901079	116
380	EL	23	201901080	116
381	EL	23	201901081	116
382	EL	23	201901082	116
383	EL	23	201901083	116
384	EL	23	201901084	116
385	EL	23	201901085	116
386	EL	23	201901086	116
387	EL	23	201901087	116
388	EL	23	201901088	116
389	EL	23	201901089	116
390	EL	23	201901090	116
391	EL	23	201901091	116
392	EL	23	201901092	116
393	EL	23	201901093	116
394	EL	23	201901094	116
395	EL	23	201901095	116
396	EL	23	201901096	116
397	EL	23	201901097	116
398	EL	23	201901098	116
399	EL	23	201901099	116
400	EL	23	201901100	116
401	SC	21	201901001	117
402	SC	21	201901002	117
403	SC	21	201901003	117
404	SC	21	201901004	117
405	SC	21	201901005	117
406	SC	21	201901006	117
407	SC	21	201901007	117
408	SC	21	201901008	117
409	SC	21	201901009	117
410	SC	21	201901010	117
411	SC	21	201901011	117
412	SC	21	201901012	117
413	SC	21	201901013	117
414	SC	21	201901014	117
415	SC	21	201901015	117
416	SC	21	201901016	117
417	SC	21	201901017	117
418	SC	21	201901018	117
419	SC	21	201901019	117
420	SC	21	201901020	117
421	SC	21	201901021	117
422	SC	21	201901022	117
423	SC	21	201901023	117
424	SC	21	201901024	117
425	SC	21	201901025	118
426	SC	21	201901026	118
427	SC	21	201901027	118
428	SC	21	201901028	118
429	SC	21	201901029	118
430	SC	21	201901030	118
431	SC	21	201901031	118
432	SC	21	201901032	118
433	SC	21	201901033	118
434	SC	21	201901034	118
435	SC	21	201901035	118
436	SC	21	201901036	118
437	SC	21	201901037	118
438	SC	21	201901038	118
439	SC	21	201901039	118
440	SC	21	201901040	118
441	SC	21	201901041	118
442	SC	21	201901042	118
443	SC	21	201901043	118
444	SC	21	201901044	118
445	SC	21	201901045	118
446	SC	21	201901046	118
447	SC	21	201901047	118
448	SC	21	201901048	118
449	SC	21	201901049	118
450	SC	21	201901050	118
451	SC	21	201901051	119
452	SC	21	201901052	119
453	SC	21	201901053	119
454	SC	21	201901054	119
455	SC	21	201901055	119
456	SC	21	201901056	119
457	SC	21	201901057	119
458	SC	21	201901058	119
459	SC	21	201901059	119
460	SC	21	201901060	119
461	SC	21	201901061	119
462	SC	21	201901062	119
463	SC	21	201901063	119
464	SC	21	201901064	119
465	SC	21	201901065	119
466	SC	21	201901066	119
467	SC	21	201901067	119
468	SC	21	201901068	119
469	SC	21	201901069	119
470	SC	21	201901070	119
471	SC	21	201901071	119
472	SC	21	201901072	119
473	SC	21	201901073	119
474	SC	21	201901074	119
475	SC	21	201901075	119
476	SC	21	201901076	120
477	SC	21	201901077	120
478	SC	21	201901078	120
479	SC	21	201901079	120
480	SC	21	201901080	120
481	SC	21	201901081	120
482	SC	21	201901082	120
483	SC	21	201901083	120
484	SC	21	201901084	120
485	SC	21	201901085	120
486	SC	21	201901086	120
487	SC	21	201901087	120
488	SC	21	201901088	120
489	SC	21	201901089	120
490	SC	21	201901090	120
491	SC	21	201901091	120
492	SC	21	201901092	120
493	SC	21	201901093	120
494	SC	21	201901094	120
495	SC	21	201901095	120
496	SC	21	201901096	120
497	SC	21	201901097	120
498	SC	21	201901098	120
499	SC	21	201901099	120
500	SC	21	201901100	120
\.


--
-- Data for Name: course_type; Type: TABLE DATA; Schema: db; Owner: -
--

COPY db.course_type (course_id, course_name) FROM stdin;
21	SC
22	CT
23	EL
24	IT
25	HM
\.


--
-- Data for Name: feedback; Type: TABLE DATA; Schema: db; Owner: -
--

COPY db.feedback (feedback_no, test_id, student_id, feedback_date) FROM stdin;
1	30	201901098	2021-10-14
2	35	201901071	2021-10-28
3	35	201901020	2021-10-31
4	30	201901078	2021-10-13
5	35	201901095	2021-10-29
6	34	201901045	2021-10-21
7	31	201901009	2021-10-21
8	31	201901065	2021-10-28
9	32	201901099	2021-10-12
10	34	201901082	2021-10-09
11	31	201901027	2021-10-12
12	33	201901002	2021-10-16
13	34	201901033	2021-10-25
14	32	201901071	2021-10-20
15	32	201901097	2021-10-23
16	31	201901081	2021-10-08
17	32	201901004	2021-10-11
18	33	201901027	2021-10-30
19	33	201901052	2021-10-15
20	35	201901090	2021-10-08
21	35	201901067	2021-10-12
22	34	201901095	2021-10-25
23	34	201901060	2021-10-09
24	33	201901094	2021-10-07
25	31	201901074	2021-10-17
26	30	201901033	2021-10-16
27	35	201901061	2021-10-10
28	35	201901009	2021-10-30
29	30	201901018	2021-10-11
30	31	201901068	2021-10-18
31	35	201901029	2021-10-10
32	32	201901014	2021-10-19
33	34	201901023	2021-10-10
34	32	201901087	2021-10-18
35	35	201901065	2021-10-27
36	31	201901010	2021-10-16
37	30	201901073	2021-10-10
38	31	201901048	2021-10-27
39	33	201901008	2021-10-12
40	34	201901022	2021-10-07
41	31	201901055	2021-11-01
42	30	201901068	2021-10-07
43	35	201901008	2021-10-14
44	32	201901030	2021-10-17
45	32	201901049	2021-10-15
46	34	201901051	2021-10-22
47	35	201901088	2021-10-17
48	31	201901039	2021-10-11
49	30	201901030	2021-10-17
50	31	201901012	2021-10-31
51	32	201901072	2021-10-26
52	34	201901080	2021-11-01
53	33	201901095	2021-10-26
54	31	201901050	2021-10-08
55	30	201901073	2021-10-12
\.


--
-- Data for Name: result; Type: TABLE DATA; Schema: db; Owner: -
--

COPY db.result (result_no, test_id, course_id, student_id, score, result_date, cal_cpi) FROM stdin;
387	387	24	201901087	93	2021-10-04	9
243	243	23	201901043	93	2021-10-03	9
238	238	23	201901038	93	2021-10-03	9
183	183	22	201901083	93	2021-10-02	9
176	176	22	201901076	93	2021-10-02	9
43	43	21	201901043	93	2021-10-01	9
31	31	21	201901031	93	2021-10-01	9
1	1	21	201901001	93	2021-10-01	9
442	442	25	201901042	51	2021-10-05	5
420	420	25	201901020	51	2021-10-05	5
282	282	23	201901082	51	2021-10-03	5
201	201	23	201901001	51	2021-10-03	5
194	194	22	201901094	51	2021-10-02	5
125	125	22	201901025	51	2021-10-02	5
121	121	22	201901021	51	2021-10-02	5
2	2	21	201901002	51	2021-10-01	5
446	446	25	201901046	59	2021-10-05	5
389	389	24	201901089	59	2021-10-04	5
344	344	24	201901044	59	2021-10-04	5
93	93	21	201901093	59	2021-10-01	5
82	82	21	201901082	59	2021-10-01	5
10	10	21	201901010	59	2021-10-01	5
3	3	21	201901003	59	2021-10-01	5
490	490	25	201901090	34	2021-10-05	3
449	449	25	201901049	34	2021-10-05	3
433	433	25	201901033	34	2021-10-05	3
335	335	24	201901035	34	2021-10-04	3
253	253	23	201901053	34	2021-10-03	3
227	227	23	201901027	34	2021-10-03	3
47	47	21	201901047	34	2021-10-01	3
14	14	21	201901014	34	2021-10-01	3
4	4	21	201901004	34	2021-10-01	3
367	367	24	201901067	42	2021-10-04	4
303	303	24	201901003	42	2021-10-04	4
271	271	23	201901071	42	2021-10-03	4
245	245	23	201901045	42	2021-10-03	4
146	146	22	201901046	42	2021-10-02	4
133	133	22	201901033	42	2021-10-02	4
5	5	21	201901005	42	2021-10-01	4
486	486	25	201901086	87	2021-10-05	8
406	406	25	201901006	87	2021-10-05	8
275	275	23	201901075	87	2021-10-03	8
203	203	23	201901003	87	2021-10-03	8
130	130	22	201901030	87	2021-10-02	8
74	74	21	201901074	87	2021-10-01	8
6	6	21	201901006	87	2021-10-01	8
340	340	24	201901040	76	2021-10-04	7
284	284	23	201901084	76	2021-10-03	7
214	214	23	201901014	76	2021-10-03	7
165	165	22	201901065	76	2021-10-02	7
101	101	22	201901001	76	2021-10-02	7
90	90	21	201901090	76	2021-10-01	7
52	52	21	201901052	76	2021-10-01	7
7	7	21	201901007	76	2021-10-01	7
444	444	25	201901044	32	2021-10-05	3
213	213	23	201901013	32	2021-10-03	3
204	204	23	201901004	32	2021-10-03	3
161	161	22	201901061	32	2021-10-02	3
51	51	21	201901051	32	2021-10-01	3
20	20	21	201901020	32	2021-10-01	3
8	8	21	201901008	32	2021-10-01	3
496	496	25	201901096	56	2021-10-05	5
472	472	25	201901072	56	2021-10-05	5
465	465	25	201901065	56	2021-10-05	5
463	463	25	201901063	56	2021-10-05	5
187	187	22	201901087	56	2021-10-02	5
154	154	22	201901054	56	2021-10-02	5
119	119	22	201901019	56	2021-10-02	5
99	99	21	201901099	56	2021-10-01	5
9	9	21	201901009	56	2021-10-01	5
500	500	25	201901100	82	2021-10-05	8
459	459	25	201901059	82	2021-10-05	8
364	364	24	201901064	82	2021-10-04	8
322	322	24	201901022	82	2021-10-04	8
306	306	24	201901006	82	2021-10-04	8
269	269	23	201901069	82	2021-10-03	8
233	233	23	201901033	82	2021-10-03	8
109	109	22	201901009	82	2021-10-02	8
104	104	22	201901004	82	2021-10-02	8
97	97	21	201901097	82	2021-10-01	8
29	29	21	201901029	82	2021-10-01	8
11	11	21	201901011	82	2021-10-01	8
438	438	25	201901038	80	2021-10-05	8
290	290	23	201901090	80	2021-10-03	8
283	283	23	201901083	80	2021-10-03	8
224	224	23	201901024	80	2021-10-03	8
172	172	22	201901072	80	2021-10-02	8
153	153	22	201901053	80	2021-10-02	8
102	102	22	201901002	80	2021-10-02	8
96	96	21	201901096	80	2021-10-01	8
12	12	21	201901012	80	2021-10-01	8
480	480	25	201901080	53	2021-10-05	5
383	383	24	201901083	53	2021-10-04	5
357	357	24	201901057	53	2021-10-04	5
300	300	23	201901100	53	2021-10-03	5
285	285	23	201901085	53	2021-10-03	5
266	266	23	201901066	53	2021-10-03	5
236	236	23	201901036	53	2021-10-03	5
132	132	22	201901032	53	2021-10-02	5
50	50	21	201901050	53	2021-10-01	5
23	23	21	201901023	53	2021-10-01	5
13	13	21	201901013	53	2021-10-01	5
440	440	25	201901040	48	2021-10-05	4
399	399	24	201901099	48	2021-10-04	4
365	365	24	201901065	48	2021-10-04	4
358	358	24	201901058	48	2021-10-04	4
346	346	24	201901046	48	2021-10-04	4
342	342	24	201901042	48	2021-10-04	4
301	301	24	201901001	48	2021-10-04	4
151	151	22	201901051	48	2021-10-02	4
86	86	21	201901086	48	2021-10-01	4
83	83	21	201901083	48	2021-10-01	4
59	59	21	201901059	48	2021-10-01	4
46	46	21	201901046	48	2021-10-01	4
28	28	21	201901028	48	2021-10-01	4
15	15	21	201901015	48	2021-10-01	4
464	464	25	201901064	62	2021-10-05	6
317	317	24	201901017	62	2021-10-04	6
314	314	24	201901014	62	2021-10-04	6
287	287	23	201901087	62	2021-10-03	6
186	186	22	201901086	62	2021-10-02	6
84	84	21	201901084	62	2021-10-01	6
39	39	21	201901039	62	2021-10-01	6
16	16	21	201901016	62	2021-10-01	6
499	499	25	201901099	45	2021-10-05	4
428	428	25	201901028	45	2021-10-05	4
352	352	24	201901052	45	2021-10-04	4
313	313	24	201901013	45	2021-10-04	4
215	215	23	201901015	45	2021-10-03	4
77	77	21	201901077	45	2021-10-01	4
58	58	21	201901058	45	2021-10-01	4
17	17	21	201901017	45	2021-10-01	4
424	424	25	201901024	54	2021-10-05	5
139	139	22	201901039	54	2021-10-02	5
95	95	21	201901095	54	2021-10-01	5
30	30	21	201901030	54	2021-10-01	5
18	18	21	201901018	54	2021-10-01	5
498	498	25	201901098	85	2021-10-05	8
263	263	23	201901063	85	2021-10-03	8
232	232	23	201901032	85	2021-10-03	8
197	197	22	201901097	85	2021-10-02	8
150	150	22	201901050	85	2021-10-02	8
19	19	21	201901019	85	2021-10-01	8
437	437	25	201901037	88	2021-10-05	8
434	434	25	201901034	88	2021-10-05	8
426	426	25	201901026	88	2021-10-05	8
393	393	24	201901093	88	2021-10-04	8
216	216	23	201901016	88	2021-10-03	8
126	126	22	201901026	88	2021-10-02	8
100	100	21	201901100	88	2021-10-01	8
94	94	21	201901094	88	2021-10-01	8
21	21	21	201901021	88	2021-10-01	8
334	334	24	201901034	74	2021-10-04	7
329	329	24	201901029	74	2021-10-04	7
156	156	22	201901056	74	2021-10-02	7
143	143	22	201901043	74	2021-10-02	7
89	89	21	201901089	74	2021-10-01	7
48	48	21	201901048	74	2021-10-01	7
32	32	21	201901032	74	2021-10-01	7
22	22	21	201901022	74	2021-10-01	7
462	462	25	201901062	98	2021-10-05	9
425	425	25	201901025	98	2021-10-05	9
422	422	25	201901022	98	2021-10-05	9
345	345	24	201901045	98	2021-10-04	9
278	278	23	201901078	98	2021-10-03	9
254	254	23	201901054	98	2021-10-03	9
208	208	23	201901008	98	2021-10-03	9
177	177	22	201901077	98	2021-10-02	9
111	111	22	201901011	98	2021-10-02	9
103	103	22	201901003	98	2021-10-02	9
24	24	21	201901024	98	2021-10-01	9
492	492	25	201901092	69	2021-10-05	6
413	413	25	201901013	69	2021-10-05	6
336	336	24	201901036	69	2021-10-04	6
242	242	23	201901042	69	2021-10-03	6
106	106	22	201901006	69	2021-10-02	6
25	25	21	201901025	69	2021-10-01	6
419	419	25	201901019	41	2021-10-05	4
315	315	24	201901015	41	2021-10-04	4
145	145	22	201901045	41	2021-10-02	4
69	69	21	201901069	41	2021-10-01	4
26	26	21	201901026	41	2021-10-01	4
392	392	24	201901092	35	2021-10-04	3
305	305	24	201901005	35	2021-10-04	3
270	270	23	201901070	35	2021-10-03	3
240	240	23	201901040	35	2021-10-03	3
235	235	23	201901035	35	2021-10-03	3
128	128	22	201901028	35	2021-10-02	3
27	27	21	201901027	35	2021-10-01	3
418	418	25	201901018	61	2021-10-05	6
339	339	24	201901039	61	2021-10-04	6
323	323	24	201901023	61	2021-10-04	6
273	273	23	201901073	61	2021-10-03	6
257	257	23	201901057	61	2021-10-03	6
190	190	22	201901090	61	2021-10-02	6
188	188	22	201901088	61	2021-10-02	6
158	158	22	201901058	61	2021-10-02	6
57	57	21	201901057	61	2021-10-01	6
33	33	21	201901033	61	2021-10-01	6
378	378	24	201901078	86	2021-10-04	8
244	244	23	201901044	86	2021-10-03	8
131	131	22	201901031	86	2021-10-02	8
34	34	21	201901034	86	2021-10-01	8
417	417	25	201901017	46	2021-10-05	4
409	409	25	201901009	46	2021-10-05	4
388	388	24	201901088	46	2021-10-04	4
332	332	24	201901032	46	2021-10-04	4
123	123	22	201901023	46	2021-10-02	4
40	40	21	201901040	46	2021-10-01	4
35	35	21	201901035	46	2021-10-01	4
455	455	25	201901055	52	2021-10-05	5
384	384	24	201901084	52	2021-10-04	5
370	370	24	201901070	52	2021-10-04	5
286	286	23	201901086	52	2021-10-03	5
268	268	23	201901068	52	2021-10-03	5
134	134	22	201901034	52	2021-10-02	5
88	88	21	201901088	52	2021-10-01	5
62	62	21	201901062	52	2021-10-01	5
36	36	21	201901036	52	2021-10-01	5
466	466	25	201901066	37	2021-10-05	3
92	92	21	201901092	37	2021-10-01	3
73	73	21	201901073	37	2021-10-01	3
37	37	21	201901037	37	2021-10-01	3
400	400	24	201901100	58	2021-10-04	5
361	361	24	201901061	58	2021-10-04	5
349	349	24	201901049	58	2021-10-04	5
330	330	24	201901030	58	2021-10-04	5
293	293	23	201901093	58	2021-10-03	5
38	38	21	201901038	58	2021-10-01	5
488	488	25	201901088	95	2021-10-05	9
376	376	24	201901076	95	2021-10-04	9
291	291	23	201901091	95	2021-10-03	9
234	234	23	201901034	95	2021-10-03	9
228	228	23	201901028	95	2021-10-03	9
41	41	21	201901041	95	2021-10-01	9
386	386	24	201901086	38	2021-10-04	3
327	327	24	201901027	38	2021-10-04	3
319	319	24	201901019	38	2021-10-04	3
42	42	21	201901042	38	2021-10-01	3
476	476	25	201901076	31	2021-10-05	3
432	432	25	201901032	31	2021-10-05	3
423	423	25	201901023	31	2021-10-05	3
416	416	25	201901016	31	2021-10-05	3
412	412	25	201901012	31	2021-10-05	3
299	299	23	201901099	31	2021-10-03	3
180	180	22	201901080	31	2021-10-02	3
159	159	22	201901059	31	2021-10-02	3
155	155	22	201901055	31	2021-10-02	3
67	67	21	201901067	31	2021-10-01	3
44	44	21	201901044	31	2021-10-01	3
475	475	25	201901075	30	2021-10-05	3
333	333	24	201901033	30	2021-10-04	3
169	169	22	201901069	30	2021-10-02	3
140	140	22	201901040	30	2021-10-02	3
129	129	22	201901029	30	2021-10-02	3
45	45	21	201901045	30	2021-10-01	3
309	309	24	201901009	99	2021-10-04	9
192	192	22	201901092	99	2021-10-02	9
189	189	22	201901089	99	2021-10-02	9
162	162	22	201901062	99	2021-10-02	9
141	141	22	201901041	99	2021-10-02	9
49	49	21	201901049	99	2021-10-01	9
491	491	25	201901091	50	2021-10-05	5
451	451	25	201901051	50	2021-10-05	5
363	363	24	201901063	50	2021-10-04	5
328	328	24	201901028	50	2021-10-04	5
318	318	24	201901018	50	2021-10-04	5
316	316	24	201901016	50	2021-10-04	5
265	265	23	201901065	50	2021-10-03	5
262	262	23	201901062	50	2021-10-03	5
220	220	23	201901020	50	2021-10-03	5
181	181	22	201901081	50	2021-10-02	5
114	114	22	201901014	50	2021-10-02	5
53	53	21	201901053	50	2021-10-01	5
381	381	24	201901081	96	2021-10-04	9
274	274	23	201901074	96	2021-10-03	9
223	223	23	201901023	96	2021-10-03	9
184	184	22	201901084	96	2021-10-02	9
149	149	22	201901049	96	2021-10-02	9
116	116	22	201901016	96	2021-10-02	9
54	54	21	201901054	96	2021-10-01	9
391	391	24	201901091	84	2021-10-04	8
144	144	22	201901044	84	2021-10-02	8
63	63	21	201901063	84	2021-10-01	8
55	55	21	201901055	84	2021-10-01	8
485	485	25	201901085	78	2021-10-05	7
448	448	25	201901048	78	2021-10-05	7
436	436	25	201901036	78	2021-10-05	7
429	429	25	201901029	78	2021-10-05	7
398	398	24	201901098	78	2021-10-04	7
379	379	24	201901079	78	2021-10-04	7
113	113	22	201901013	78	2021-10-02	7
108	108	22	201901008	78	2021-10-02	7
56	56	21	201901056	78	2021-10-01	7
456	456	25	201901056	57	2021-10-05	5
395	395	24	201901095	57	2021-10-04	5
337	337	24	201901037	57	2021-10-04	5
310	310	24	201901010	57	2021-10-04	5
229	229	23	201901029	57	2021-10-03	5
66	66	21	201901066	57	2021-10-01	5
60	60	21	201901060	57	2021-10-01	5
454	454	25	201901054	44	2021-10-05	4
411	411	25	201901011	44	2021-10-05	4
259	259	23	201901059	44	2021-10-03	4
226	226	23	201901026	44	2021-10-03	4
198	198	22	201901098	44	2021-10-02	4
137	137	22	201901037	44	2021-10-02	4
61	61	21	201901061	44	2021-10-01	4
366	366	24	201901066	55	2021-10-04	5
324	324	24	201901024	55	2021-10-04	5
281	281	23	201901081	55	2021-10-03	5
250	250	23	201901050	55	2021-10-03	5
202	202	23	201901002	55	2021-10-03	5
174	174	22	201901074	55	2021-10-02	5
64	64	21	201901064	55	2021-10-01	5
460	460	25	201901060	64	2021-10-05	6
267	267	23	201901067	64	2021-10-03	6
166	166	22	201901066	64	2021-10-02	6
65	65	21	201901065	64	2021-10-01	6
320	320	24	201901020	83	2021-10-04	8
304	304	24	201901004	83	2021-10-04	8
264	264	23	201901064	83	2021-10-03	8
241	241	23	201901041	83	2021-10-03	8
237	237	23	201901037	83	2021-10-03	8
147	147	22	201901047	83	2021-10-02	8
68	68	21	201901068	83	2021-10-01	8
501	500	25	201901099	90	2021-10-05	9
482	482	25	201901082	90	2021-10-05	9
478	478	25	201901078	90	2021-10-05	9
468	468	25	201901068	90	2021-10-05	9
404	404	25	201901004	90	2021-10-05	9
225	225	23	201901025	90	2021-10-03	9
200	200	22	201901100	90	2021-10-02	9
199	199	22	201901099	90	2021-10-02	9
70	70	21	201901070	90	2021-10-01	9
467	467	25	201901067	67	2021-10-05	6
445	445	25	201901045	67	2021-10-05	6
402	402	25	201901002	67	2021-10-05	6
397	397	24	201901097	67	2021-10-04	6
343	343	24	201901043	67	2021-10-04	6
292	292	23	201901092	67	2021-10-03	6
279	279	23	201901079	67	2021-10-03	6
246	246	23	201901046	67	2021-10-03	6
170	170	22	201901070	67	2021-10-02	6
124	124	22	201901024	67	2021-10-02	6
71	71	21	201901071	67	2021-10-01	6
458	458	25	201901058	81	2021-10-05	8
450	450	25	201901050	81	2021-10-05	8
439	439	25	201901039	81	2021-10-05	8
430	430	25	201901030	81	2021-10-05	8
280	280	23	201901080	81	2021-10-03	8
81	81	21	201901081	81	2021-10-01	8
72	72	21	201901072	81	2021-10-01	8
495	495	25	201901095	43	2021-10-05	4
471	471	25	201901071	43	2021-10-05	4
441	441	25	201901041	43	2021-10-05	4
405	405	25	201901005	43	2021-10-05	4
368	368	24	201901068	43	2021-10-04	4
353	353	24	201901053	43	2021-10-04	4
351	351	24	201901051	43	2021-10-04	4
350	350	24	201901050	43	2021-10-04	4
326	326	24	201901026	43	2021-10-04	4
171	171	22	201901071	43	2021-10-02	4
168	168	22	201901068	43	2021-10-02	4
148	148	22	201901048	43	2021-10-02	4
75	75	21	201901075	43	2021-10-01	4
494	494	25	201901094	71	2021-10-05	7
261	261	23	201901061	71	2021-10-03	7
76	76	21	201901076	71	2021-10-01	7
221	221	23	201901021	94	2021-10-03	9
152	152	22	201901052	94	2021-10-02	9
78	78	21	201901078	94	2021-10-01	9
401	401	25	201901001	72	2021-10-05	7
359	359	24	201901059	72	2021-10-04	7
307	307	24	201901007	72	2021-10-04	7
107	107	22	201901007	72	2021-10-02	7
98	98	21	201901098	72	2021-10-01	7
85	85	21	201901085	72	2021-10-01	7
79	79	21	201901079	72	2021-10-01	7
360	360	24	201901060	60	2021-10-04	6
354	354	24	201901054	60	2021-10-04	6
294	294	23	201901094	60	2021-10-03	6
247	247	23	201901047	60	2021-10-03	6
195	195	22	201901095	60	2021-10-02	6
167	167	22	201901067	60	2021-10-02	6
110	110	22	201901010	60	2021-10-02	6
80	80	21	201901080	60	2021-10-01	6
408	408	25	201901008	75	2021-10-05	7
369	369	24	201901069	75	2021-10-04	7
348	348	24	201901048	75	2021-10-04	7
218	218	23	201901018	75	2021-10-03	7
87	87	21	201901087	75	2021-10-01	7
443	443	25	201901043	70	2021-10-05	7
256	256	23	201901056	70	2021-10-03	7
249	249	23	201901049	70	2021-10-03	7
248	248	23	201901048	70	2021-10-03	7
196	196	22	201901096	70	2021-10-02	7
135	135	22	201901035	70	2021-10-02	7
91	91	21	201901091	70	2021-10-01	7
258	258	23	201901058	66	2021-10-03	6
182	182	22	201901082	66	2021-10-02	6
173	173	22	201901073	66	2021-10-02	6
105	105	22	201901005	66	2021-10-02	6
421	421	25	201901021	33	2021-10-05	3
205	205	23	201901005	33	2021-10-03	3
136	136	22	201901036	33	2021-10-02	3
122	122	22	201901022	33	2021-10-02	3
112	112	22	201901012	33	2021-10-02	3
396	396	24	201901096	92	2021-10-04	9
375	375	24	201901075	92	2021-10-04	9
289	289	23	201901089	92	2021-10-03	9
217	217	23	201901017	92	2021-10-03	9
211	211	23	201901011	92	2021-10-03	9
191	191	22	201901091	92	2021-10-02	9
142	142	22	201901042	92	2021-10-02	9
115	115	22	201901015	92	2021-10-02	9
276	276	23	201901076	40	2021-10-03	4
207	207	23	201901007	40	2021-10-03	4
120	120	22	201901020	40	2021-10-02	4
117	117	22	201901017	40	2021-10-02	4
380	380	24	201901080	47	2021-10-04	4
356	356	24	201901056	47	2021-10-04	4
347	347	24	201901047	47	2021-10-04	4
331	331	24	201901031	47	2021-10-04	4
206	206	23	201901006	47	2021-10-03	4
118	118	22	201901018	47	2021-10-02	4
474	474	25	201901074	68	2021-10-05	6
403	403	25	201901003	68	2021-10-05	6
311	311	24	201901011	68	2021-10-04	6
277	277	23	201901077	68	2021-10-03	6
260	260	23	201901060	68	2021-10-03	6
179	179	22	201901079	68	2021-10-02	6
157	157	22	201901057	68	2021-10-02	6
127	127	22	201901027	68	2021-10-02	6
470	470	25	201901070	65	2021-10-05	6
453	453	25	201901053	65	2021-10-05	6
415	415	25	201901015	65	2021-10-05	6
410	410	25	201901010	65	2021-10-05	6
390	390	24	201901090	65	2021-10-04	6
374	374	24	201901074	65	2021-10-04	6
371	371	24	201901071	65	2021-10-04	6
296	296	23	201901096	65	2021-10-03	6
288	288	23	201901088	65	2021-10-03	6
219	219	23	201901019	65	2021-10-03	6
163	163	22	201901063	65	2021-10-02	6
138	138	22	201901038	65	2021-10-02	6
484	484	25	201901084	97	2021-10-05	9
457	457	25	201901057	97	2021-10-05	9
435	435	25	201901035	97	2021-10-05	9
325	325	24	201901025	97	2021-10-04	9
160	160	22	201901060	97	2021-10-02	9
497	497	25	201901097	36	2021-10-05	3
407	407	25	201901007	36	2021-10-05	3
385	385	24	201901085	36	2021-10-04	3
373	373	24	201901073	36	2021-10-04	3
164	164	22	201901064	36	2021-10-02	3
473	473	25	201901073	89	2021-10-05	8
355	355	24	201901055	89	2021-10-04	8
297	297	23	201901097	89	2021-10-03	8
175	175	22	201901075	89	2021-10-02	8
493	493	25	201901093	79	2021-10-05	7
479	479	25	201901079	79	2021-10-05	7
312	312	24	201901012	79	2021-10-04	7
272	272	23	201901072	79	2021-10-03	7
230	230	23	201901030	79	2021-10-03	7
178	178	22	201901078	79	2021-10-02	7
489	489	25	201901089	77	2021-10-05	7
341	341	24	201901041	77	2021-10-04	7
308	308	24	201901008	77	2021-10-04	7
255	255	23	201901055	77	2021-10-03	7
222	222	23	201901022	77	2021-10-03	7
210	210	23	201901010	77	2021-10-03	7
193	193	22	201901093	77	2021-10-02	7
185	185	22	201901085	77	2021-10-02	7
377	377	24	201901077	63	2021-10-04	6
252	252	23	201901052	63	2021-10-03	6
209	209	23	201901009	63	2021-10-03	6
483	483	25	201901083	91	2021-10-05	9
431	431	25	201901031	91	2021-10-05	9
414	414	25	201901014	91	2021-10-05	9
302	302	24	201901002	91	2021-10-04	9
251	251	23	201901051	91	2021-10-03	9
212	212	23	201901012	91	2021-10-03	9
461	461	25	201901061	73	2021-10-05	7
447	447	25	201901047	73	2021-10-05	7
427	427	25	201901027	73	2021-10-05	7
372	372	24	201901072	73	2021-10-04	7
338	338	24	201901038	73	2021-10-04	7
295	295	23	201901095	73	2021-10-03	7
231	231	23	201901031	73	2021-10-03	7
487	487	25	201901087	39	2021-10-05	3
469	469	25	201901069	39	2021-10-05	3
452	452	25	201901052	39	2021-10-05	3
394	394	24	201901094	39	2021-10-04	3
382	382	24	201901082	39	2021-10-04	3
362	362	24	201901062	39	2021-10-04	3
321	321	24	201901021	39	2021-10-04	3
298	298	23	201901098	39	2021-10-03	3
239	239	23	201901039	39	2021-10-03	3
481	481	25	201901081	49	2021-10-05	4
477	477	25	201901077	49	2021-10-05	4
\.


--
-- Data for Name: student; Type: TABLE DATA; Schema: db; Owner: -
--

COPY db.student (student_id, student_name) FROM stdin;
201901001	Nancee
201901002	Jo-anne
201901003	Whitaker
201901004	Tobit
201901005	Gert
201901006	Gill
201901007	Gustav
201901008	Marysa
201901009	Joane
201901010	Rachel
201901011	Jo-ann
201901012	Osbourn
201901013	Edgar
201901014	Tamara
201901015	Lucas
201901016	Artemis
201901017	Ilyssa
201901018	Giustina
201901019	Xenos
201901020	Alvina
201901021	Brenda
201901022	Cass
201901023	Junette
201901024	Graig
201901025	Liliane
201901026	Martita
201901027	Aarika
201901028	Delinda
201901029	Bobby
201901030	Shelba
201901031	Dena
201901032	Bartolomeo
201901033	Consalve
201901034	Dagmar
201901035	Dulcy
201901036	Jeana
201901037	Dulcine
201901038	Cassie
201901039	Pris
201901040	Irvine
201901041	Ofella
201901042	Torry
201901043	Flory
201901044	Alister
201901045	Valle
201901046	Antoni
201901047	Lilah
201901048	Washington
201901049	Reggie
201901050	Samaria
201901051	Desiri
201901052	Dre
201901053	Ted
201901054	Rickert
201901055	Katharine
201901056	Koren
201901057	Seana
201901058	Nessa
201901059	Lolly
201901060	Jarib
201901061	Mariellen
201901062	Gaylord
201901063	Diena
201901064	Marga
201901065	Waylon
201901066	Graham
201901067	Jameson
201901068	Dallas
201901069	Lesly
201901070	Dav
201901071	Stacia
201901072	Fallon
201901073	Nedda
201901074	Garvin
201901075	Vonny
201901076	Ailene
201901077	Chanda
201901078	Clarence
201901079	Deb
201901080	Jody
201901081	Gabrila
201901082	Maud
201901083	Isaak
201901084	Milty
201901085	Regina
201901086	Nicky
201901087	Zebulon
201901088	Adiana
201901089	Christy
201901090	Joyce
201901091	Cully
201901092	Corene
201901093	Verene
201901094	Rutledge
201901095	Ferrel
201901096	Rosabel
201901097	Berny
201901098	Aharon
201901099	Donnell
201901100	Clarey
\.


--
-- Data for Name: teacher; Type: TABLE DATA; Schema: db; Owner: -
--

COPY db.teacher (teacher_id, teacher_name) FROM stdin;
101	Delainey
102	Maryrose
103	Adrianne
104	Boris
105	Aurore
106	Siward
107	Augusto
108	Dane
109	Jyoti
110	Seana
111	Raviv
112	Demetra
113	Adah
114	Haslett
115	Page
116	Savina
117	Dorothea
118	Saunder
119	Manny
120	Laughton
\.


--
-- Data for Name: test; Type: TABLE DATA; Schema: db; Owner: -
--

COPY db.test (test_id, test_name, student_id, teacher_id, test_date) FROM stdin;
1	IT	201901001	101	2021-09-01
2	IT	201901002	101	2021-09-01
3	IT	201901003	101	2021-09-01
4	IT	201901004	101	2021-09-01
5	IT	201901005	101	2021-09-01
6	IT	201901006	101	2021-09-01
7	IT	201901007	101	2021-09-01
8	IT	201901008	101	2021-09-01
9	IT	201901009	101	2021-09-01
10	IT	201901010	101	2021-09-01
11	IT	201901011	101	2021-09-01
12	IT	201901012	101	2021-09-01
13	IT	201901013	101	2021-09-01
14	IT	201901014	101	2021-09-01
15	IT	201901015	101	2021-09-01
16	IT	201901016	101	2021-09-01
17	IT	201901017	101	2021-09-01
18	IT	201901018	101	2021-09-01
19	IT	201901019	101	2021-09-01
20	IT	201901020	101	2021-09-01
21	IT	201901021	101	2021-09-01
22	IT	201901022	101	2021-09-01
23	IT	201901023	101	2021-09-01
24	IT	201901024	101	2021-09-01
25	IT	201901025	101	2021-09-01
26	IT	201901026	101	2021-09-01
27	IT	201901027	101	2021-09-01
28	IT	201901028	101	2021-09-01
29	IT	201901029	102	2021-09-01
30	IT	201901030	102	2021-09-01
31	IT	201901031	102	2021-09-01
32	IT	201901032	102	2021-09-01
33	IT	201901033	102	2021-09-01
34	IT	201901034	102	2021-09-01
35	IT	201901035	102	2021-09-01
36	IT	201901036	102	2021-09-01
37	IT	201901037	102	2021-09-01
38	IT	201901038	102	2021-09-01
39	IT	201901039	102	2021-09-01
40	IT	201901040	102	2021-09-01
41	IT	201901041	102	2021-09-01
42	IT	201901042	102	2021-09-01
43	IT	201901043	102	2021-09-01
44	IT	201901044	102	2021-09-01
45	IT	201901045	102	2021-09-01
46	IT	201901046	102	2021-09-01
47	IT	201901047	102	2021-09-01
48	IT	201901048	102	2021-09-01
49	IT	201901049	103	2021-09-01
50	IT	201901050	103	2021-09-01
51	IT	201901051	103	2021-09-01
52	IT	201901052	103	2021-09-01
53	IT	201901053	103	2021-09-01
54	IT	201901054	103	2021-09-01
55	IT	201901055	103	2021-09-01
56	IT	201901056	103	2021-09-01
57	IT	201901057	103	2021-09-01
58	IT	201901058	103	2021-09-01
59	IT	201901059	103	2021-09-01
60	IT	201901060	103	2021-09-01
61	IT	201901061	103	2021-09-01
62	IT	201901062	103	2021-09-01
63	IT	201901063	103	2021-09-01
64	IT	201901064	103	2021-09-01
65	IT	201901065	103	2021-09-01
66	IT	201901066	103	2021-09-01
67	IT	201901067	103	2021-09-01
68	IT	201901068	103	2021-09-01
69	IT	201901069	103	2021-09-01
70	IT	201901070	103	2021-09-01
71	IT	201901071	103	2021-09-01
72	IT	201901072	103	2021-09-01
73	IT	201901073	103	2021-09-01
74	IT	201901074	103	2021-09-01
75	IT	201901075	103	2021-09-01
76	IT	201901076	103	2021-09-01
77	IT	201901077	103	2021-09-01
78	IT	201901078	103	2021-09-01
79	IT	201901079	103	2021-09-01
80	IT	201901080	103	2021-09-01
81	IT	201901081	103	2021-09-01
82	IT	201901082	103	2021-09-01
83	IT	201901083	103	2021-09-01
84	IT	201901084	104	2021-09-01
85	IT	201901085	104	2021-09-01
86	IT	201901086	104	2021-09-01
87	IT	201901087	104	2021-09-01
88	IT	201901088	104	2021-09-01
89	IT	201901089	104	2021-09-01
90	IT	201901090	104	2021-09-01
91	IT	201901091	104	2021-09-01
92	IT	201901092	104	2021-09-01
93	IT	201901093	104	2021-09-01
94	IT	201901094	104	2021-09-01
95	IT	201901095	104	2021-09-01
96	IT	201901096	104	2021-09-01
97	IT	201901097	104	2021-09-01
98	IT	201901098	104	2021-09-01
99	IT	201901099	104	2021-09-01
100	IT	201901100	104	2021-09-01
101	CT	201901001	105	2021-09-02
102	CT	201901002	105	2021-09-02
103	CT	201901003	105	2021-09-02
104	CT	201901004	105	2021-09-02
105	CT	201901005	105	2021-09-02
106	CT	201901006	105	2021-09-02
107	CT	201901007	105	2021-09-02
108	CT	201901008	105	2021-09-02
109	CT	201901009	105	2021-09-02
110	CT	201901010	105	2021-09-02
111	CT	201901011	105	2021-09-02
112	CT	201901012	105	2021-09-02
113	CT	201901013	105	2021-09-02
114	CT	201901014	105	2021-09-02
115	CT	201901015	105	2021-09-02
116	CT	201901016	105	2021-09-02
117	CT	201901017	105	2021-09-02
118	CT	201901018	105	2021-09-02
119	CT	201901019	105	2021-09-02
120	CT	201901020	105	2021-09-02
121	CT	201901021	105	2021-09-02
122	CT	201901022	105	2021-09-02
123	CT	201901023	105	2021-09-02
124	CT	201901024	105	2021-09-02
125	CT	201901025	105	2021-09-02
126	CT	201901026	105	2021-09-02
127	CT	201901027	106	2021-09-02
128	CT	201901028	106	2021-09-02
129	CT	201901029	106	2021-09-02
130	CT	201901030	106	2021-09-02
131	CT	201901031	106	2021-09-02
132	CT	201901032	106	2021-09-02
133	CT	201901033	106	2021-09-02
134	CT	201901034	106	2021-09-02
135	CT	201901035	106	2021-09-02
136	CT	201901036	106	2021-09-02
137	CT	201901037	106	2021-09-02
138	CT	201901038	106	2021-09-02
139	CT	201901039	106	2021-09-02
140	CT	201901040	106	2021-09-02
141	CT	201901041	106	2021-09-02
142	CT	201901042	106	2021-09-02
143	CT	201901043	106	2021-09-02
144	CT	201901044	106	2021-09-02
145	CT	201901045	106	2021-09-02
146	CT	201901046	106	2021-09-02
147	CT	201901047	106	2021-09-02
148	CT	201901048	106	2021-09-02
149	CT	201901049	106	2021-09-02
150	CT	201901050	106	2021-09-02
151	CT	201901051	106	2021-09-02
152	CT	201901052	106	2021-09-02
153	CT	201901053	107	2021-09-02
154	CT	201901054	107	2021-09-02
155	CT	201901055	107	2021-09-02
156	CT	201901056	107	2021-09-02
157	CT	201901057	107	2021-09-02
158	CT	201901058	107	2021-09-02
159	CT	201901059	107	2021-09-02
160	CT	201901060	107	2021-09-02
161	CT	201901061	107	2021-09-02
162	CT	201901062	107	2021-09-02
163	CT	201901063	107	2021-09-02
164	CT	201901064	107	2021-09-02
165	CT	201901065	107	2021-09-02
166	CT	201901066	107	2021-09-02
167	CT	201901067	107	2021-09-02
168	CT	201901068	107	2021-09-02
169	CT	201901069	107	2021-09-02
170	CT	201901070	107	2021-09-02
171	CT	201901071	107	2021-09-02
172	CT	201901072	107	2021-09-02
173	CT	201901073	107	2021-09-02
174	CT	201901074	107	2021-09-02
175	CT	201901075	107	2021-09-02
176	CT	201901076	107	2021-09-02
177	CT	201901077	107	2021-09-02
178	CT	201901078	107	2021-09-02
179	CT	201901079	107	2021-09-02
180	CT	201901080	107	2021-09-02
181	CT	201901081	107	2021-09-02
182	CT	201901082	107	2021-09-02
183	CT	201901083	107	2021-09-02
184	CT	201901084	107	2021-09-02
185	CT	201901085	107	2021-09-02
186	CT	201901086	107	2021-09-02
187	CT	201901087	108	2021-09-02
188	CT	201901088	108	2021-09-02
189	CT	201901089	108	2021-09-02
190	CT	201901090	108	2021-09-02
191	CT	201901091	108	2021-09-02
192	CT	201901092	108	2021-09-02
193	CT	201901093	108	2021-09-02
194	CT	201901094	108	2021-09-02
195	CT	201901095	108	2021-09-02
196	CT	201901096	108	2021-09-02
197	CT	201901097	108	2021-09-02
198	CT	201901098	108	2021-09-02
199	CT	201901099	108	2021-09-02
200	CT	201901100	108	2021-09-02
201	HM	201901001	109	2021-09-03
202	HM	201901002	109	2021-09-03
203	HM	201901003	109	2021-09-03
204	HM	201901004	109	2021-09-03
205	HM	201901005	109	2021-09-03
206	HM	201901006	109	2021-09-03
207	HM	201901007	109	2021-09-03
208	HM	201901008	109	2021-09-03
209	HM	201901009	109	2021-09-03
210	HM	201901010	109	2021-09-03
211	HM	201901011	109	2021-09-03
212	HM	201901012	109	2021-09-03
213	HM	201901013	109	2021-09-03
214	HM	201901014	109	2021-09-03
215	HM	201901015	109	2021-09-03
216	HM	201901016	109	2021-09-03
217	HM	201901017	109	2021-09-03
218	HM	201901018	109	2021-09-03
219	HM	201901019	109	2021-09-03
220	HM	201901020	109	2021-09-03
221	HM	201901021	109	2021-09-03
222	HM	201901022	109	2021-09-03
223	HM	201901023	109	2021-09-03
224	HM	201901024	109	2021-09-03
225	HM	201901025	109	2021-09-03
226	HM	201901026	109	2021-09-03
227	HM	201901027	109	2021-09-03
228	HM	201901028	109	2021-09-03
229	HM	201901029	110	2021-09-03
230	HM	201901030	110	2021-09-03
231	HM	201901031	110	2021-09-03
232	HM	201901032	110	2021-09-03
233	HM	201901033	110	2021-09-03
234	HM	201901034	110	2021-09-03
235	HM	201901035	110	2021-09-03
236	HM	201901036	110	2021-09-03
237	HM	201901037	110	2021-09-03
238	HM	201901038	110	2021-09-03
239	HM	201901039	110	2021-09-03
240	HM	201901040	110	2021-09-03
241	HM	201901041	110	2021-09-03
242	HM	201901042	110	2021-09-03
243	HM	201901043	110	2021-09-03
244	HM	201901044	110	2021-09-03
245	HM	201901045	110	2021-09-03
246	HM	201901046	110	2021-09-03
247	HM	201901047	110	2021-09-03
248	HM	201901048	110	2021-09-03
249	HM	201901049	110	2021-09-03
250	HM	201901050	110	2021-09-03
251	HM	201901051	110	2021-09-03
252	HM	201901052	110	2021-09-03
253	HM	201901053	110	2021-09-03
254	HM	201901054	110	2021-09-03
255	HM	201901055	110	2021-09-03
256	HM	201901056	111	2021-09-03
257	HM	201901057	111	2021-09-03
258	HM	201901058	111	2021-09-03
259	HM	201901059	111	2021-09-03
260	HM	201901060	111	2021-09-03
261	HM	201901061	111	2021-09-03
262	HM	201901062	111	2021-09-03
263	HM	201901063	111	2021-09-03
264	HM	201901064	111	2021-09-03
265	HM	201901065	111	2021-09-03
266	HM	201901066	111	2021-09-03
267	HM	201901067	111	2021-09-03
268	HM	201901068	111	2021-09-03
269	HM	201901069	111	2021-09-03
270	HM	201901070	111	2021-09-03
271	HM	201901071	112	2021-09-03
272	HM	201901072	112	2021-09-03
273	HM	201901073	112	2021-09-03
274	HM	201901074	112	2021-09-03
275	HM	201901075	112	2021-09-03
276	HM	201901076	112	2021-09-03
277	HM	201901077	112	2021-09-03
278	HM	201901078	112	2021-09-03
279	HM	201901079	112	2021-09-03
280	HM	201901080	112	2021-09-03
281	HM	201901081	112	2021-09-03
282	HM	201901082	112	2021-09-03
283	HM	201901083	112	2021-09-03
284	HM	201901084	112	2021-09-03
285	HM	201901085	112	2021-09-03
286	HM	201901086	112	2021-09-03
287	HM	201901087	112	2021-09-03
288	HM	201901088	112	2021-09-03
289	HM	201901089	112	2021-09-03
290	HM	201901090	112	2021-09-03
291	HM	201901091	112	2021-09-03
292	HM	201901092	112	2021-09-03
293	HM	201901093	112	2021-09-03
294	HM	201901094	112	2021-09-03
295	HM	201901095	112	2021-09-03
296	HM	201901096	112	2021-09-03
297	HM	201901097	112	2021-09-03
298	HM	201901098	112	2021-09-03
299	HM	201901099	112	2021-09-03
300	HM	201901100	112	2021-09-03
301	EL	201901001	113	2021-09-04
302	EL	201901002	113	2021-09-04
303	EL	201901003	113	2021-09-04
304	EL	201901004	113	2021-09-04
305	EL	201901005	113	2021-09-04
306	EL	201901006	113	2021-09-04
307	EL	201901007	113	2021-09-04
308	EL	201901008	113	2021-09-04
309	EL	201901009	113	2021-09-04
310	EL	201901010	113	2021-09-04
311	EL	201901011	113	2021-09-04
312	EL	201901012	113	2021-09-04
313	EL	201901013	113	2021-09-04
314	EL	201901014	113	2021-09-04
315	EL	201901015	113	2021-09-04
316	EL	201901016	113	2021-09-04
317	EL	201901017	113	2021-09-04
318	EL	201901018	113	2021-09-04
319	EL	201901019	113	2021-09-04
320	EL	201901020	113	2021-09-04
321	EL	201901021	113	2021-09-04
322	\N	201901022	113	2021-09-04
323	EL	201901023	113	2021-09-04
324	EL	201901024	113	2021-09-04
325	EL	201901025	113	2021-09-04
326	EL	201901026	113	2021-09-04
327	EL	201901027	114	2021-09-04
328	EL	201901028	114	2021-09-04
329	EL	201901029	114	2021-09-04
330	EL	201901030	114	2021-09-04
331	EL	201901031	114	2021-09-04
332	EL	201901032	114	2021-09-04
333	EL	201901033	114	2021-09-04
334	EL	201901034	114	2021-09-04
335	EL	201901035	114	2021-09-04
336	EL	201901036	114	2021-09-04
337	EL	201901037	114	2021-09-04
338	EL	201901038	114	2021-09-04
339	EL	201901039	114	2021-09-04
340	EL	201901040	114	2021-09-04
341	EL	201901041	114	2021-09-04
342	EL	201901042	114	2021-09-04
343	EL	201901043	114	2021-09-04
344	EL	201901044	114	2021-09-04
345	EL	201901045	114	2021-09-04
346	EL	201901046	114	2021-09-04
347	EL	201901047	114	2021-09-04
348	EL	201901048	114	2021-09-04
349	EL	201901049	114	2021-09-04
350	EL	201901050	114	2021-09-04
351	EL	201901051	114	2021-09-04
352	EL	201901052	114	2021-09-04
353	EL	201901053	114	2021-09-04
354	EL	201901054	115	2021-09-04
355	EL	201901055	115	2021-09-04
356	EL	201901056	115	2021-09-04
357	EL	201901057	115	2021-09-04
358	EL	201901058	115	2021-09-04
359	EL	201901059	115	2021-09-04
360	EL	201901060	115	2021-09-04
361	EL	201901061	115	2021-09-04
362	EL	201901062	115	2021-09-04
363	EL	201901063	115	2021-09-04
364	EL	201901064	115	2021-09-04
365	EL	201901065	115	2021-09-04
366	EL	201901066	115	2021-09-04
367	EL	201901067	115	2021-09-04
368	EL	201901068	115	2021-09-04
369	EL	201901069	115	2021-09-04
370	EL	201901070	115	2021-09-04
371	EL	201901071	115	2021-09-04
372	EL	201901072	115	2021-09-04
373	EL	201901073	115	2021-09-04
374	EL	201901074	115	2021-09-04
375	EL	201901075	115	2021-09-04
376	EL	201901076	116	2021-09-04
377	EL	201901077	116	2021-09-04
378	EL	201901078	116	2021-09-04
379	EL	201901079	116	2021-09-04
380	EL	201901080	116	2021-09-04
381	EL	201901081	116	2021-09-04
382	EL	201901082	116	2021-09-04
383	EL	201901083	116	2021-09-04
384	EL	201901084	116	2021-09-04
385	EL	201901085	116	2021-09-04
386	EL	201901086	116	2021-09-04
387	EL	201901087	116	2021-09-04
388	EL	201901088	116	2021-09-04
389	EL	201901089	116	2021-09-04
390	EL	201901090	116	2021-09-04
391	EL	201901091	116	2021-09-04
392	EL	201901092	116	2021-09-04
393	EL	201901093	116	2021-09-04
394	EL	201901094	116	2021-09-04
395	EL	201901095	116	2021-09-04
396	EL	201901096	116	2021-09-04
397	EL	201901097	116	2021-09-04
398	EL	201901098	116	2021-09-04
399	EL	201901099	116	2021-09-04
400	EL	201901100	116	2021-09-04
401	SC	201901001	117	2021-09-05
402	SC	201901002	117	2021-09-05
403	SC	201901003	117	2021-09-05
404	SC	201901004	117	2021-09-05
405	SC	201901005	117	2021-09-05
406	SC	201901006	117	2021-09-05
407	SC	201901007	117	2021-09-05
408	SC	201901008	117	2021-09-05
409	SC	201901009	117	2021-09-05
410	SC	201901010	117	2021-09-05
411	SC	201901011	117	2021-09-05
412	SC	201901012	117	2021-09-05
413	SC	201901013	117	2021-09-05
414	SC	201901014	117	2021-09-05
415	SC	201901015	117	2021-09-05
416	SC	201901016	117	2021-09-05
417	SC	201901017	117	2021-09-05
418	SC	201901018	117	2021-09-05
419	SC	201901019	117	2021-09-05
420	SC	201901020	117	2021-09-05
421	SC	201901021	117	2021-09-05
422	SC	201901022	117	2021-09-05
423	SC	201901023	117	2021-09-05
424	SC	201901024	117	2021-09-05
425	SC	201901025	118	2021-09-05
426	SC	201901026	118	2021-09-05
427	SC	201901027	118	2021-09-05
428	SC	201901028	118	2021-09-05
429	SC	201901029	118	2021-09-05
430	SC	201901030	118	2021-09-05
431	SC	201901031	118	2021-09-05
432	SC	201901032	118	2021-09-05
433	SC	201901033	118	2021-09-05
434	SC	201901034	118	2021-09-05
435	SC	201901035	118	2021-09-05
436	SC	201901036	118	2021-09-05
437	SC	201901037	118	2021-09-05
438	SC	201901038	118	2021-09-05
439	SC	201901039	118	2021-09-05
440	SC	201901040	118	2021-09-05
441	SC	201901041	118	2021-09-05
442	SC	201901042	118	2021-09-05
443	SC	201901043	118	2021-09-05
444	SC	201901044	118	2021-09-05
445	SC	201901045	118	2021-09-05
446	SC	201901046	118	2021-09-05
447	SC	201901047	118	2021-09-05
448	SC	201901048	118	2021-09-05
449	SC	201901049	118	2021-09-05
450	SC	201901050	118	2021-09-05
451	SC	201901051	119	2021-09-05
452	SC	201901052	119	2021-09-05
453	SC	201901053	119	2021-09-05
454	SC	201901054	119	2021-09-05
455	SC	201901055	119	2021-09-05
456	SC	201901056	119	2021-09-05
457	SC	201901057	119	2021-09-05
458	SC	201901058	119	2021-09-05
459	SC	201901059	119	2021-09-05
460	SC	201901060	119	2021-09-05
461	SC	201901061	119	2021-09-05
462	SC	201901062	119	2021-09-05
463	SC	201901063	119	2021-09-05
464	SC	201901064	119	2021-09-05
465	SC	201901065	119	2021-09-05
466	SC	201901066	119	2021-09-05
467	SC	201901067	119	2021-09-05
468	SC	201901068	119	2021-09-05
469	SC	201901069	119	2021-09-05
470	SC	201901070	119	2021-09-05
471	SC	201901071	119	2021-09-05
472	SC	201901072	119	2021-09-05
473	SC	201901073	119	2021-09-05
474	SC	201901074	119	2021-09-05
475	SC	201901075	119	2021-09-05
476	SC	201901076	120	2021-09-05
477	SC	201901077	120	2021-09-05
478	SC	201901078	120	2021-09-05
479	SC	201901079	120	2021-09-05
480	SC	201901080	120	2021-09-05
481	SC	201901081	120	2021-09-05
482	SC	201901082	120	2021-09-05
483	SC	201901083	120	2021-09-05
484	SC	201901084	120	2021-09-05
485	SC	201901085	120	2021-09-05
486	SC	201901086	120	2021-09-05
487	SC	201901087	120	2021-09-05
488	SC	201901088	120	2021-09-05
489	SC	201901089	120	2021-09-05
490	SC	201901090	120	2021-09-05
491	SC	201901091	120	2021-09-05
492	SC	201901092	120	2021-09-05
493	SC	201901093	120	2021-09-05
494	SC	201901094	120	2021-09-05
495	SC	201901095	120	2021-09-05
496	SC	201901096	120	2021-09-05
497	SC	201901097	120	2021-09-05
498	SC	201901098	120	2021-09-05
499	SC	201901099	120	2021-09-05
500	SC	201901100	120	2021-09-05
\.


--
-- Name: admin admin_id_pk; Type: CONSTRAINT; Schema: db; Owner: -
--

ALTER TABLE ONLY db.admin
    ADD CONSTRAINT admin_id_pk PRIMARY KEY (admin_id);


--
-- Name: course_type course_id_pk; Type: CONSTRAINT; Schema: db; Owner: -
--

ALTER TABLE ONLY db.course_type
    ADD CONSTRAINT course_id_pk PRIMARY KEY (course_id);


--
-- Name: course course_no_pk; Type: CONSTRAINT; Schema: db; Owner: -
--

ALTER TABLE ONLY db.course
    ADD CONSTRAINT course_no_pk PRIMARY KEY (course_no);


--
-- Name: feedback feedback_no_pk; Type: CONSTRAINT; Schema: db; Owner: -
--

ALTER TABLE ONLY db.feedback
    ADD CONSTRAINT feedback_no_pk PRIMARY KEY (feedback_no);


--
-- Name: result result_no_pk; Type: CONSTRAINT; Schema: db; Owner: -
--

ALTER TABLE ONLY db.result
    ADD CONSTRAINT result_no_pk PRIMARY KEY (result_no);


--
-- Name: student student_id_pk; Type: CONSTRAINT; Schema: db; Owner: -
--

ALTER TABLE ONLY db.student
    ADD CONSTRAINT student_id_pk PRIMARY KEY (student_id);


--
-- Name: teacher teacher_id_pk; Type: CONSTRAINT; Schema: db; Owner: -
--

ALTER TABLE ONLY db.teacher
    ADD CONSTRAINT teacher_id_pk PRIMARY KEY (teacher_id);


--
-- Name: test test_id_pk; Type: CONSTRAINT; Schema: db; Owner: -
--

ALTER TABLE ONLY db.test
    ADD CONSTRAINT test_id_pk PRIMARY KEY (test_id);


--
-- Name: result cal_cpi; Type: TRIGGER; Schema: db; Owner: -
--

CREATE TRIGGER cal_cpi AFTER INSERT OR DELETE OR UPDATE ON db.result FOR EACH ROW EXECUTE FUNCTION db.cal_cpi();


--
-- Name: course course_course_id_fk; Type: FK CONSTRAINT; Schema: db; Owner: -
--

ALTER TABLE ONLY db.course
    ADD CONSTRAINT course_course_id_fk FOREIGN KEY (course_id) REFERENCES db.course_type(course_id) ON UPDATE CASCADE ON DELETE CASCADE;


--
-- Name: course course_student_id_fk; Type: FK CONSTRAINT; Schema: db; Owner: -
--

ALTER TABLE ONLY db.course
    ADD CONSTRAINT course_student_id_fk FOREIGN KEY (student_id) REFERENCES db.student(student_id) ON UPDATE CASCADE ON DELETE CASCADE;


--
-- Name: course course_teacher_id_fk; Type: FK CONSTRAINT; Schema: db; Owner: -
--

ALTER TABLE ONLY db.course
    ADD CONSTRAINT course_teacher_id_fk FOREIGN KEY (teacher_id) REFERENCES db.teacher(teacher_id) ON UPDATE CASCADE ON DELETE CASCADE;


--
-- Name: feedback feedback_student_id_fk; Type: FK CONSTRAINT; Schema: db; Owner: -
--

ALTER TABLE ONLY db.feedback
    ADD CONSTRAINT feedback_student_id_fk FOREIGN KEY (student_id) REFERENCES db.student(student_id) ON UPDATE CASCADE ON DELETE CASCADE;


--
-- Name: feedback feedback_test_id_fk; Type: FK CONSTRAINT; Schema: db; Owner: -
--

ALTER TABLE ONLY db.feedback
    ADD CONSTRAINT feedback_test_id_fk FOREIGN KEY (test_id) REFERENCES db.test(test_id) ON UPDATE CASCADE ON DELETE CASCADE;


--
-- Name: result result_course_id_fk; Type: FK CONSTRAINT; Schema: db; Owner: -
--

ALTER TABLE ONLY db.result
    ADD CONSTRAINT result_course_id_fk FOREIGN KEY (course_id) REFERENCES db.course_type(course_id) ON UPDATE CASCADE ON DELETE CASCADE;


--
-- Name: result result_student_id_fk; Type: FK CONSTRAINT; Schema: db; Owner: -
--

ALTER TABLE ONLY db.result
    ADD CONSTRAINT result_student_id_fk FOREIGN KEY (student_id) REFERENCES db.student(student_id) ON UPDATE CASCADE ON DELETE CASCADE;


--
-- Name: result result_test_id_fk; Type: FK CONSTRAINT; Schema: db; Owner: -
--

ALTER TABLE ONLY db.result
    ADD CONSTRAINT result_test_id_fk FOREIGN KEY (test_id) REFERENCES db.test(test_id) ON UPDATE CASCADE ON DELETE CASCADE;


--
-- Name: test test_student_id_fk; Type: FK CONSTRAINT; Schema: db; Owner: -
--

ALTER TABLE ONLY db.test
    ADD CONSTRAINT test_student_id_fk FOREIGN KEY (student_id) REFERENCES db.student(student_id) ON UPDATE CASCADE ON DELETE CASCADE;


--
-- Name: test test_techer_id_fk; Type: FK CONSTRAINT; Schema: db; Owner: -
--

ALTER TABLE ONLY db.test
    ADD CONSTRAINT test_techer_id_fk FOREIGN KEY (teacher_id) REFERENCES db.teacher(teacher_id) ON UPDATE CASCADE ON DELETE CASCADE;


--
-- Name: SCHEMA db; Type: ACL; Schema: -; Owner: -
--

GRANT ALL ON SCHEMA db TO PUBLIC;


--
-- PostgreSQL database dump complete
--

